Business Name,Address,City,State,ZIP Code,
Rowan University,201 Mullica Hill Road,Glassboro,NJ,8028,
Stockton University,101 Vera King Farris Drive,Galloway,NJ,8205,
The College of New Jersey,2000 Pennington Road,Ewing,NJ,8628,
Rider University,2083 Lawrenceville Road,Lawrenceville,NJ,8648,
Camden City Hall,520 Market Street,Camden,NJ,8102,
Camden Waterfront District,1 Riverside Drive,Camden,NJ,8103,
New Jersey Department of the Treasury,50 West State Street,Trenton,NJ,8608,
New Jersey Department of Labor & Workforce Development,1 John Fitch Plaza,Trenton,NJ,8611,
New Jersey Department of Banking and Insurance,20 West State Street,Trenton,NJ,8608,
New Jersey Department of Environmental Protection,401 East State Street,Trenton,NJ,8608,
New Jersey Department of Children and Families,50 East State Street,Trenton,NJ,8608,
New Jersey Department of Health,369 South Warren Street,Trenton,NJ,8608,
New Jersey Department of Human Services,222 South Warren Street,Trenton,NJ,860,
Lockheed Martin,199 Borton Landing Road,Moorestown,NJ,8057,