Salesforce,Natural
Biology - Accelerated Degree BA/MS (MS),Biology
Biology (MS),Biology
Biology (NOD),Biology
Biology: Computational and Integrative (MS),CCIB 
Biology: Computational and Integrative (PHD),CCIB 
Bus and Sci - Comp and Info Sciences - Technology Management Cert (NOD) Camden,Business and Science
Business and Science - Computer and Information Sciences (NOD) Camden,Business and Science
Business and Science - Computer and Information Sciences - 4 + 1 (MBS) Camden,Business and Science
Business and Science - Computer and Information Sciences (MBS) Camden,Business and Science
Chemistry - Accelerated BA/MS (MS),Chemistry
Chemistry and Molecular Technology (MS),Chemistry
Chemistry (MS),Chemistry
Chemistry (NOD),Chemistry
Childhood Studies (MA),Childhood Studies
Childhood Studies (NOD),Childhood Studies
Childhood Studies (PHD),Childhood Studies
Childhood Studies Accelerated Degree BA/MA (MA),Childhood Studies
Computer Science - Accelerated Degree BS/MS (MS),Computer Science
Computer Science: Scientific Computing (MS),Computer Science
Computer Science: Scientific Computing (NOD),Computer Science
Creative Writing (MFA) Camden,Creative Writing
Criminal Justice - Accelerated Degree BA/MA (MA),Criminal Justice
Criminal Justice (MA),Criminal Justice
Data Science (MS),Data Science
English (MA),English
Forensic Science (MS),Forensic Science
"History (American, Global, Public) (MA)",History
Liberal Studies - Online (MA),Liberal Studies
Liberal Studies - Online (NOD),Liberal Studies
Liberal Studies (MA),Liberal Studies
Mathematical Sciences - Accelerated Degree BA/MS (MS),Mathematical Sciences
Mathematical Sciences (MS),Mathematical Sciences
Prevention Science (MS),Prevention Science
Prevention Science (PHD),Prevention Science
Psychology - Accelerated Degree BA/MA (MA),Psychology
Psychology: Psychological Sciences (MA),Psychology
Public Administration - On Campus (MPA),Public Administration
Public Administration - On Campus (NOD),Public Administration
"Public Administration, Executive Program (West Windsor, Saturday Morning) (MPA)",Public Administration
Public Affairs/Community Development (MS),Public Affairs
Public Affairs/Community Development (PHD),Public Affairs
Teacher Education - Spanish (MAT),Teacher Education - Spanish
Teacher Education (MAT),Teacher Education
Criminal Justice - Dual MA/MPA Criminal Justice and Public Administration (MA),Criminal Justice/Public Administration
Emerging Media (MA),Emerging Media
Emerging Media (MPS),Emerging Media
English (NOD),English
English - Accelerated Degree BA/MA (MA),English
"History (American, Global, Public) (NOD)",History
Liberal Studies (NOD),Liberal Studies
Mathematical Sciences (NOD),Mathematical Sciences
Psychology: Psychological Sciences (NOD),Psychology
Public Administration - Accelerated Degree BA/MPA (MPA),Public Administration
Public Administration - Dual MPA/MA Public Administration Criminal Justice (MPA),Public Administration
Teacher Ed - English as a Second Language (ESL) Certificate (NOD),Teacher Education
Teacher Ed - Supervisory Certificate (NOD),Teacher Education
"Teacher Ed - Teacher of Students with Disabilities, P-12 Certificate (NOD)",Teacher Education
Teacher Education - Spanish (NOD),Teacher Education - Spanish
Teacher Education (NOD),Teacher Education
Criminal Justice (NOD),Criminal Justice
Criminal Justice - Dual MA/MPA Criminal Justice and Public Administration (MA),Criminal Justice/Public Administration
